,geo_value,signal,time_value,issue,lag,value,stderr,sample_size,geo_type,data_source
0,us,pct_ed_visits_influenza,202239,202551,168,0.48,,,nation,nssp
1,us,pct_ed_visits_influenza,202240,202551,167,0.67,,,nation,nssp
2,us,pct_ed_visits_influenza,202241,202551,166,0.9,,,nation,nssp
3,us,pct_ed_visits_influenza,202242,202551,165,1.29,,,nation,nssp
4,us,pct_ed_visits_influenza,202243,202551,164,2.47,,,nation,nssp
5,us,pct_ed_visits_influenza,202244,202551,163,3.67,,,nation,nssp
6,us,pct_ed_visits_influenza,202245,202551,162,3.87,,,nation,nssp
7,us,pct_ed_visits_influenza,202246,202551,161,4.24,,,nation,nssp
8,us,pct_ed_visits_influenza,202247,202551,160,6.67,,,nation,nssp
9,us,pct_ed_visits_influenza,202248,202551,159,6.18,,,nation,nssp
10,us,pct_ed_visits_influenza,202249,202551,158,5.7,,,nation,nssp
11,us,pct_ed_visits_influenza,202250,202551,157,5.14,,,nation,nssp
12,us,pct_ed_visits_influenza,202251,202551,156,4.53,,,nation,nssp
13,us,pct_ed_visits_influenza,202252,202551,155,3.6,,,nation,nssp
14,us,pct_ed_visits_influenza,202301,202551,154,1.96,,,nation,nssp
15,us,pct_ed_visits_influenza,202302,202551,153,1.01,,,nation,nssp
16,us,pct_ed_visits_influenza,202303,202551,152,0.71,,,nation,nssp
17,us,pct_ed_visits_influenza,202304,202551,151,0.55,,,nation,nssp
18,us,pct_ed_visits_influenza,202305,202551,150,0.47,,,nation,nssp
19,us,pct_ed_visits_influenza,202306,202551,149,0.4,,,nation,nssp
20,us,pct_ed_visits_influenza,202307,202551,148,0.36,,,nation,nssp
21,us,pct_ed_visits_influenza,202308,202551,147,0.34,,,nation,nssp
22,us,pct_ed_visits_influenza,202309,202551,146,0.3,,,nation,nssp
23,us,pct_ed_visits_influenza,202310,202551,145,0.28,,,nation,nssp
24,us,pct_ed_visits_influenza,202311,202551,144,0.28,,,nation,nssp
25,us,pct_ed_visits_influenza,202312,202551,143,0.27,,,nation,nssp
26,us,pct_ed_visits_influenza,202313,202551,142,0.27,,,nation,nssp
27,us,pct_ed_visits_influenza,202314,202551,141,0.27,,,nation,nssp
28,us,pct_ed_visits_influenza,202315,202551,140,0.25,,,nation,nssp
29,us,pct_ed_visits_influenza,202316,202551,139,0.23,,,nation,nssp
30,us,pct_ed_visits_influenza,202317,202551,138,0.24,,,nation,nssp
31,us,pct_ed_visits_influenza,202318,202551,137,0.26,,,nation,nssp
32,us,pct_ed_visits_influenza,202319,202551,136,0.27,,,nation,nssp
33,us,pct_ed_visits_influenza,202320,202551,135,0.27,,,nation,nssp
34,us,pct_ed_visits_influenza,202321,202551,134,0.28,,,nation,nssp
35,us,pct_ed_visits_influenza,202322,202551,133,0.29,,,nation,nssp
36,us,pct_ed_visits_influenza,202323,202551,132,0.25,,,nation,nssp
37,us,pct_ed_visits_influenza,202324,202551,131,0.22,,,nation,nssp
38,us,pct_ed_visits_influenza,202325,202551,130,0.2,,,nation,nssp
39,us,pct_ed_visits_influenza,202326,202551,129,0.18,,,nation,nssp
40,us,pct_ed_visits_influenza,202327,202551,128,0.17,,,nation,nssp
41,us,pct_ed_visits_influenza,202328,202551,127,0.16,,,nation,nssp
42,us,pct_ed_visits_influenza,202329,202551,126,0.15,,,nation,nssp
43,us,pct_ed_visits_influenza,202330,202551,125,0.15,,,nation,nssp
44,us,pct_ed_visits_influenza,202331,202551,124,0.16,,,nation,nssp
45,us,pct_ed_visits_influenza,202332,202551,123,0.16,,,nation,nssp
46,us,pct_ed_visits_influenza,202333,202551,122,0.18,,,nation,nssp
47,us,pct_ed_visits_influenza,202334,202551,121,0.22,,,nation,nssp
48,us,pct_ed_visits_influenza,202335,202551,120,0.24,,,nation,nssp
49,us,pct_ed_visits_influenza,202336,202551,119,0.25,,,nation,nssp
50,us,pct_ed_visits_influenza,202337,202551,118,0.26,,,nation,nssp
51,us,pct_ed_visits_influenza,202338,202551,117,0.29,,,nation,nssp
52,us,pct_ed_visits_influenza,202339,202551,116,0.33,,,nation,nssp
53,us,pct_ed_visits_influenza,202340,202551,115,0.38,,,nation,nssp
54,us,pct_ed_visits_influenza,202341,202551,114,0.46,,,nation,nssp
55,us,pct_ed_visits_influenza,202342,202551,113,0.55,,,nation,nssp
56,us,pct_ed_visits_influenza,202343,202551,112,0.66,,,nation,nssp
57,us,pct_ed_visits_influenza,202344,202551,111,0.85,,,nation,nssp
58,us,pct_ed_visits_influenza,202345,202551,110,1.19,,,nation,nssp
59,us,pct_ed_visits_influenza,202346,202551,109,1.41,,,nation,nssp
60,us,pct_ed_visits_influenza,202347,202551,108,1.73,,,nation,nssp
61,us,pct_ed_visits_influenza,202348,202551,107,1.87,,,nation,nssp
62,us,pct_ed_visits_influenza,202349,202551,106,2.55,,,nation,nssp
63,us,pct_ed_visits_influenza,202350,202551,105,3.7,,,nation,nssp
64,us,pct_ed_visits_influenza,202351,202551,104,5.24,,,nation,nssp
65,us,pct_ed_visits_influenza,202352,202551,103,5.85,,,nation,nssp
66,us,pct_ed_visits_influenza,202401,202551,102,4.26,,,nation,nssp
67,us,pct_ed_visits_influenza,202402,202551,101,3.48,,,nation,nssp
68,us,pct_ed_visits_influenza,202403,202551,100,3.27,,,nation,nssp
69,us,pct_ed_visits_influenza,202404,202551,99,3.34,,,nation,nssp
70,us,pct_ed_visits_influenza,202405,202551,98,3.23,,,nation,nssp
71,us,pct_ed_visits_influenza,202406,202551,97,3.19,,,nation,nssp
72,us,pct_ed_visits_influenza,202407,202551,96,3.02,,,nation,nssp
73,us,pct_ed_visits_influenza,202408,202551,95,2.99,,,nation,nssp
74,us,pct_ed_visits_influenza,202409,202551,94,2.79,,,nation,nssp
75,us,pct_ed_visits_influenza,202410,202551,93,2.43,,,nation,nssp
76,us,pct_ed_visits_influenza,202411,202551,92,1.87,,,nation,nssp
77,us,pct_ed_visits_influenza,202412,202551,91,1.51,,,nation,nssp
78,us,pct_ed_visits_influenza,202413,202551,90,1.43,,,nation,nssp
79,us,pct_ed_visits_influenza,202414,202551,89,1.17,,,nation,nssp
80,us,pct_ed_visits_influenza,202415,202551,88,0.87,,,nation,nssp
81,us,pct_ed_visits_influenza,202416,202551,87,0.65,,,nation,nssp
82,us,pct_ed_visits_influenza,202417,202551,86,0.52,,,nation,nssp
83,us,pct_ed_visits_influenza,202418,202551,85,0.44,,,nation,nssp
84,us,pct_ed_visits_influenza,202419,202551,84,0.34,,,nation,nssp
85,us,pct_ed_visits_influenza,202420,202551,83,0.31,,,nation,nssp
86,us,pct_ed_visits_influenza,202421,202551,82,0.27,,,nation,nssp
87,us,pct_ed_visits_influenza,202422,202551,81,0.26,,,nation,nssp
88,us,pct_ed_visits_influenza,202423,202551,80,0.23,,,nation,nssp
89,us,pct_ed_visits_influenza,202424,202551,79,0.2,,,nation,nssp
90,us,pct_ed_visits_influenza,202425,202551,78,0.19,,,nation,nssp
91,us,pct_ed_visits_influenza,202426,202551,77,0.18,,,nation,nssp
92,us,pct_ed_visits_influenza,202427,202551,76,0.17,,,nation,nssp
93,us,pct_ed_visits_influenza,202428,202551,75,0.15,,,nation,nssp
94,us,pct_ed_visits_influenza,202429,202551,74,0.15,,,nation,nssp
95,us,pct_ed_visits_influenza,202430,202551,73,0.14,,,nation,nssp
96,us,pct_ed_visits_influenza,202431,202551,72,0.14,,,nation,nssp
97,us,pct_ed_visits_influenza,202432,202551,71,0.14,,,nation,nssp
98,us,pct_ed_visits_influenza,202433,202551,70,0.14,,,nation,nssp
99,us,pct_ed_visits_influenza,202434,202551,69,0.16,,,nation,nssp
100,us,pct_ed_visits_influenza,202435,202551,68,0.17,,,nation,nssp
101,us,pct_ed_visits_influenza,202436,202551,67,0.18,,,nation,nssp
102,us,pct_ed_visits_influenza,202437,202551,66,0.19,,,nation,nssp
103,us,pct_ed_visits_influenza,202438,202551,65,0.19,,,nation,nssp
104,us,pct_ed_visits_influenza,202439,202551,64,0.2,,,nation,nssp
105,us,pct_ed_visits_influenza,202440,202551,63,0.2,,,nation,nssp
106,us,pct_ed_visits_influenza,202441,202551,62,0.22,,,nation,nssp
107,us,pct_ed_visits_influenza,202442,202551,61,0.23,,,nation,nssp
108,us,pct_ed_visits_influenza,202443,202551,60,0.28,,,nation,nssp
109,us,pct_ed_visits_influenza,202444,202551,59,0.34,,,nation,nssp
110,us,pct_ed_visits_influenza,202445,202551,58,0.42,,,nation,nssp
111,us,pct_ed_visits_influenza,202446,202551,57,0.51,,,nation,nssp
112,us,pct_ed_visits_influenza,202447,202551,56,0.62,,,nation,nssp
113,us,pct_ed_visits_influenza,202448,202551,55,0.89,,,nation,nssp
114,us,pct_ed_visits_influenza,202449,202551,54,1.07,,,nation,nssp
115,us,pct_ed_visits_influenza,202450,202551,53,1.8,,,nation,nssp
116,us,pct_ed_visits_influenza,202451,202551,52,3.24,,,nation,nssp
117,us,pct_ed_visits_influenza,202452,202551,51,5.44,,,nation,nssp
118,us,pct_ed_visits_influenza,202501,202551,50,4.99,,,nation,nssp
119,us,pct_ed_visits_influenza,202502,202551,49,4.39,,,nation,nssp
120,us,pct_ed_visits_influenza,202503,202551,48,5.45,,,nation,nssp
121,us,pct_ed_visits_influenza,202504,202551,47,7.29,,,nation,nssp
122,us,pct_ed_visits_influenza,202505,202551,46,8.36,,,nation,nssp
123,us,pct_ed_visits_influenza,202506,202551,45,8.22,,,nation,nssp
124,us,pct_ed_visits_influenza,202507,202551,44,6.68,,,nation,nssp
125,us,pct_ed_visits_influenza,202508,202551,43,5.21,,,nation,nssp
126,us,pct_ed_visits_influenza,202509,202551,42,3.98,,,nation,nssp
127,us,pct_ed_visits_influenza,202510,202551,41,3.22,,,nation,nssp
128,us,pct_ed_visits_influenza,202511,202551,40,2.57,,,nation,nssp
129,us,pct_ed_visits_influenza,202512,202551,39,1.84,,,nation,nssp
130,us,pct_ed_visits_influenza,202513,202551,38,1.44,,,nation,nssp
131,us,pct_ed_visits_influenza,202514,202551,37,1.11,,,nation,nssp
132,us,pct_ed_visits_influenza,202515,202551,36,0.83,,,nation,nssp
133,us,pct_ed_visits_influenza,202516,202551,35,0.71,,,nation,nssp
134,us,pct_ed_visits_influenza,202517,202551,34,0.58,,,nation,nssp
135,us,pct_ed_visits_influenza,202518,202551,33,0.43,,,nation,nssp
136,us,pct_ed_visits_influenza,202519,202551,32,0.36,,,nation,nssp
137,us,pct_ed_visits_influenza,202520,202551,31,0.32,,,nation,nssp
138,us,pct_ed_visits_influenza,202521,202551,30,0.28,,,nation,nssp
139,us,pct_ed_visits_influenza,202522,202551,29,0.28,,,nation,nssp
140,us,pct_ed_visits_influenza,202523,202551,28,0.22,,,nation,nssp
141,us,pct_ed_visits_influenza,202524,202551,27,0.19,,,nation,nssp
142,us,pct_ed_visits_influenza,202525,202551,26,0.16,,,nation,nssp
143,us,pct_ed_visits_influenza,202526,202551,25,0.14,,,nation,nssp
144,us,pct_ed_visits_influenza,202527,202551,24,0.13,,,nation,nssp
145,us,pct_ed_visits_influenza,202528,202551,23,0.1,,,nation,nssp
146,us,pct_ed_visits_influenza,202529,202551,22,0.1,,,nation,nssp
147,us,pct_ed_visits_influenza,202530,202551,21,0.1,,,nation,nssp
148,us,pct_ed_visits_influenza,202531,202551,20,0.1,,,nation,nssp
149,us,pct_ed_visits_influenza,202532,202551,19,0.1,,,nation,nssp
150,us,pct_ed_visits_influenza,202533,202551,18,0.11,,,nation,nssp
151,us,pct_ed_visits_influenza,202534,202551,17,0.13,,,nation,nssp
152,us,pct_ed_visits_influenza,202535,202551,16,0.15,,,nation,nssp
153,us,pct_ed_visits_influenza,202536,202551,15,0.16,,,nation,nssp
154,us,pct_ed_visits_influenza,202537,202551,14,0.16,,,nation,nssp
155,us,pct_ed_visits_influenza,202538,202551,13,0.15,,,nation,nssp
156,us,pct_ed_visits_influenza,202539,202551,12,0.16,,,nation,nssp
157,us,pct_ed_visits_influenza,202540,202551,11,0.17,,,nation,nssp
158,us,pct_ed_visits_influenza,202541,202551,10,0.18,,,nation,nssp
159,us,pct_ed_visits_influenza,202542,202551,9,0.2,,,nation,nssp
160,us,pct_ed_visits_influenza,202543,202551,8,0.23,,,nation,nssp
161,us,pct_ed_visits_influenza,202544,202551,7,0.29,,,nation,nssp
162,us,pct_ed_visits_influenza,202545,202551,6,0.42,,,nation,nssp
163,us,pct_ed_visits_influenza,202546,202551,5,0.61,,,nation,nssp
164,us,pct_ed_visits_influenza,202547,202551,4,0.98,,,nation,nssp
165,us,pct_ed_visits_influenza,202548,202551,3,1.45,,,nation,nssp
166,us,pct_ed_visits_influenza,202549,202551,2,1.65,,,nation,nssp
167,us,pct_ed_visits_influenza,202550,202551,1,2.79,,,nation,nssp
