location,omega,pop,season,cadence,location_level,disease,log_pop
us,30.230308523340288,328239523,2022-2024,Daily,state,COVID-19,19.609254152892177
ri,9.874629940923752,1059361,2022-2024,Daily,state,COVID-19,13.873176454124396
ny,17.318802252466746,19453561,2022-2024,Daily,state,COVID-19,16.783540696103653
ms,13.12082999097004,2976149,2022-2024,Daily,state,COVID-19,14.9061407408861
me,13.935510191877176,1344212,2022-2024,Daily,state,COVID-19,14.111318525721124
ga,18.253833636247606,10617423,2022-2024,Daily,state,COVID-19,16.178006888965257
ak,9.825323430251487,731545,2022-2024,Daily,state,COVID-19,13.502914014980135
al,13.557941258877282,4903185,2022-2024,Daily,state,COVID-19,15.405395551922352
ar,11.552088920805904,3017804,2022-2024,Daily,state,COVID-19,14.920039972529695
az,15.241066574773265,7278717,2022-2024,Daily,state,COVID-19,15.800465168377697
ca,22.710715592455188,39512223,2022-2024,Daily,state,COVID-19,17.492120625041704
co,12.023290500726835,5758736,2022-2024,Daily,state,COVID-19,15.566228564146174
ct,10.81293715570223,3565287,2022-2024,Daily,state,COVID-19,15.086755113499024
dc,10.342054782598286,705749,2022-2024,Daily,state,COVID-19,13.46701492918239
de,9.718808805527534,973764,2022-2024,Daily,state,COVID-19,13.788924253470674
fl,22.82277954190375,21477737,2022-2024,Daily,state,COVID-19,16.88252746823733
hi,10.783505216525146,1415872,2022-2024,Daily,state,COVID-19,14.163256153669659
ia,11.744614962311262,3155070,2022-2024,Daily,state,COVID-19,14.964521240716078
id,9.215372652156983,1787065,2022-2024,Daily,state,COVID-19,14.396085167290911
il,15.777798512297036,12671821,2022-2024,Daily,state,COVID-19,16.354891267305263
in,15.447569332304056,6732219,2022-2024,Daily,state,COVID-19,15.722415364958001
ks,11.924285823067638,2913314,2022-2024,Daily,state,COVID-19,14.884801822785983
ky,10.929347174434035,4467673,2022-2024,Daily,state,COVID-19,15.312378249384595
la,12.057346720379448,4648794,2022-2024,Daily,state,COVID-19,15.352118389086547
ma,14.981280518147134,6892503,2022-2024,Daily,state,COVID-19,15.745944857135706
md,10.348687014731816,6045680,2022-2024,Daily,state,COVID-19,15.61485452536542
mi,12.935244507769482,9986857,2022-2024,Daily,state,COVID-19,16.11678048650856
mn,10.832239553385847,5639632,2022-2024,Daily,state,COVID-19,15.545329373118532
mo,12.967155966778222,6137428,2022-2024,Daily,state,COVID-19,15.629916319855207
mt,10.119760740690676,1068778,2022-2024,Daily,state,COVID-19,13.882026497720332
nc,16.989479758462657,10488084,2022-2024,Daily,state,COVID-19,16.16575031354692
ne,10.426625674380341,1934408,2022-2024,Daily,state,COVID-19,14.47531189448341
nh,12.42176822177502,1359711,2022-2024,Daily,state,COVID-19,14.12278273513091
nj,15.34570910754799,8882190,2022-2024,Daily,state,COVID-19,15.999558706183862
nm,9.009020518845078,2096829,2022-2024,Daily,state,COVID-19,14.5559367614947
nv,11.625077909642501,3080156,2022-2024,Daily,state,COVID-19,14.940490803017772
oh,17.607856773738295,11689100,2022-2024,Daily,state,COVID-19,16.27416734160507
ok,11.467932358132272,3956971,2022-2024,Daily,state,COVID-19,15.190989391556274
or,9.765986802389692,4217737,2022-2024,Daily,state,COVID-19,15.254809286251392
pa,14.417080858372255,12801989,2022-2024,Daily,state,COVID-19,16.365111107442974
sc,15.071983081439145,5148714,2022-2024,Daily,state,COVID-19,15.454257532719637
sd,9.728963695149195,884659,2022-2024,Daily,state,COVID-19,13.692957539004349
tn,12.984252014803822,6829174,2022-2024,Daily,state,COVID-19,15.73671428719104
tx,19.579040052796913,28995881,2022-2024,Daily,state,COVID-19,17.182664343380136
ut,10.05993158065599,3205958,2022-2024,Daily,state,COVID-19,14.980521511629142
va,14.656322592480908,8535519,2022-2024,Daily,state,COVID-19,15.959746720797773
vt,10.304950920715072,623989,2022-2024,Daily,state,COVID-19,13.343888018991057
wa,10.206184244555683,7614893,2022-2024,Daily,state,COVID-19,15.845616492997973
wi,10.033333743007267,5822434,2022-2024,Daily,state,COVID-19,15.577228945339334
wv,10.15910710858191,1792147,2022-2024,Daily,state,COVID-19,14.398924900402633
wy,9.879204091504757,578759,2022-2024,Daily,state,COVID-19,13.268641435017608
nd,10.034932366164728,762062,2022-2024,Daily,state,COVID-19,13.543783196188242
us,30.88740683149327,328239523,2022-2023,Daily,state,COVID-19,19.609254152892177
ri,8.810239568281853,1059361,2022-2023,Daily,state,COVID-19,13.873176454124396
ny,15.01534889573356,19453561,2022-2023,Daily,state,COVID-19,16.783540696103653
ms,13.483404058912463,2976149,2022-2023,Daily,state,COVID-19,14.9061407408861
me,10.42110323523463,1344212,2022-2023,Daily,state,COVID-19,14.111318525721124
ga,20.23422308772229,10617423,2022-2023,Daily,state,COVID-19,16.178006888965257
ak,11.440093875217416,731545,2022-2023,Daily,state,COVID-19,13.502914014980135
al,15.956524560052642,4903185,2022-2023,Daily,state,COVID-19,15.405395551922352
ar,12.807213634569658,3017804,2022-2023,Daily,state,COVID-19,14.920039972529695
az,19.441074080642363,7278717,2022-2023,Daily,state,COVID-19,15.800465168377697
ca,24.125839753207735,39512223,2022-2023,Daily,state,COVID-19,17.492120625041704
co,13.880150929551371,5758736,2022-2023,Daily,state,COVID-19,15.566228564146174
ct,11.351642113512728,3565287,2022-2023,Daily,state,COVID-19,15.086755113499024
dc,9.2141462219675,705749,2022-2023,Daily,state,COVID-19,13.46701492918239
de,10.95596274193934,973764,2022-2023,Daily,state,COVID-19,13.788924253470674
fl,23.990255278642923,21477737,2022-2023,Daily,state,COVID-19,16.88252746823733
hi,11.427104484401863,1415872,2022-2023,Daily,state,COVID-19,14.163256153669659
ia,12.607899093814613,3155070,2022-2023,Daily,state,COVID-19,14.964521240716078
id,8.514325060266392,1787065,2022-2023,Daily,state,COVID-19,14.396085167290911
il,16.36674887582561,12671821,2022-2023,Daily,state,COVID-19,16.354891267305263
in,15.51863526941839,6732219,2022-2023,Daily,state,COVID-19,15.722415364958001
ks,11.919333974601509,2913314,2022-2023,Daily,state,COVID-19,14.884801822785983
ky,12.698938263742187,4467673,2022-2023,Daily,state,COVID-19,15.312378249384595
la,13.116454987304715,4648794,2022-2023,Daily,state,COVID-19,15.352118389086547
ma,15.348126994799415,6892503,2022-2023,Daily,state,COVID-19,15.745944857135706
md,11.267797872574636,6045680,2022-2023,Daily,state,COVID-19,15.61485452536542
mi,13.356180075804025,9986857,2022-2023,Daily,state,COVID-19,16.11678048650856
mn,11.795037109557782,5639632,2022-2023,Daily,state,COVID-19,15.545329373118532
mo,12.71690741302095,6137428,2022-2023,Daily,state,COVID-19,15.629916319855207
mt,9.758961452896953,1068778,2022-2023,Daily,state,COVID-19,13.882026497720332
nc,18.02365532287017,10488084,2022-2023,Daily,state,COVID-19,16.16575031354692
ne,11.579011691911933,1934408,2022-2023,Daily,state,COVID-19,14.47531189448341
nh,12.166704334306456,1359711,2022-2023,Daily,state,COVID-19,14.12278273513091
nj,14.297623133246862,8882190,2022-2023,Daily,state,COVID-19,15.999558706183862
nm,10.102301537939773,2096829,2022-2023,Daily,state,COVID-19,14.5559367614947
nv,14.367554317160103,3080156,2022-2023,Daily,state,COVID-19,14.940490803017772
oh,17.926600044415476,11689100,2022-2023,Daily,state,COVID-19,16.27416734160507
ok,12.225924390490238,3956971,2022-2023,Daily,state,COVID-19,15.190989391556274
or,11.566728330417863,4217737,2022-2023,Daily,state,COVID-19,15.254809286251392
pa,14.000438287489892,12801989,2022-2023,Daily,state,COVID-19,16.365111107442974
sc,17.120933533222903,5148714,2022-2023,Daily,state,COVID-19,15.454257532719637
sd,11.178789947159606,884659,2022-2023,Daily,state,COVID-19,13.692957539004349
tn,13.835153136302281,6829174,2022-2023,Daily,state,COVID-19,15.73671428719104
tx,19.08371804683915,28995881,2022-2023,Daily,state,COVID-19,17.182664343380136
ut,10.539213484418198,3205958,2022-2023,Daily,state,COVID-19,14.980521511629142
va,15.992573426486134,8535519,2022-2023,Daily,state,COVID-19,15.959746720797773
vt,12.096139758570157,623989,2022-2023,Daily,state,COVID-19,13.343888018991057
wa,9.965912015035116,7614893,2022-2023,Daily,state,COVID-19,15.845616492997973
wi,10.569617387215857,5822434,2022-2023,Daily,state,COVID-19,15.577228945339334
wv,11.720828300692709,1792147,2022-2023,Daily,state,COVID-19,14.398924900402633
wy,11.308157330161695,578759,2022-2023,Daily,state,COVID-19,13.268641435017608
nd,12.903858069208397,762062,2022-2023,Daily,state,COVID-19,13.543783196188242
us,33.224486474105305,328239523,2023-2024,Daily,state,COVID-19,19.609254152892177
ri,11.549275487728172,1059361,2023-2024,Daily,state,COVID-19,13.873176454124396
ny,22.955379811340904,19453561,2023-2024,Daily,state,COVID-19,16.783540696103653
ms,13.733574477121646,2976149,2023-2024,Daily,state,COVID-19,14.9061407408861
me,19.30359287531409,1344212,2023-2024,Daily,state,COVID-19,14.111318525721124
ga,20.30907217015292,10617423,2023-2024,Daily,state,COVID-19,16.178006888965257
ak,10.610410532043169,731545,2023-2024,Daily,state,COVID-19,13.502914014980135
al,15.457215316028117,4903185,2023-2024,Daily,state,COVID-19,15.405395551922352
ar,12.657528910119254,3017804,2023-2024,Daily,state,COVID-19,14.920039972529695
az,14.025044278814057,7278717,2023-2024,Daily,state,COVID-19,15.800465168377697
ca,23.974540592362224,39512223,2023-2024,Daily,state,COVID-19,17.492120625041704
co,14.914326690631174,5758736,2023-2024,Daily,state,COVID-19,15.566228564146174
ct,11.312073874186602,3565287,2023-2024,Daily,state,COVID-19,15.086755113499024
dc,14.143164359350136,705749,2023-2024,Daily,state,COVID-19,13.46701492918239
de,9.740206373121108,973764,2023-2024,Daily,state,COVID-19,13.788924253470674
fl,31.39217993563563,21477737,2023-2024,Daily,state,COVID-19,16.88252746823733
hi,12.19611446132205,1415872,2023-2024,Daily,state,COVID-19,14.163256153669659
ia,12.244411942962618,3155070,2023-2024,Daily,state,COVID-19,14.964521240716078
id,11.32546593103112,1787065,2023-2024,Daily,state,COVID-19,14.396085167290911
il,18.14837930607266,12671821,2023-2024,Daily,state,COVID-19,16.354891267305263
in,15.975183987288787,6732219,2023-2024,Daily,state,COVID-19,15.722415364958001
ks,14.83979156358476,2913314,2023-2024,Daily,state,COVID-19,14.884801822785983
ky,12.786688773751964,4467673,2023-2024,Daily,state,COVID-19,15.312378249384595
la,15.624759729871085,4648794,2023-2024,Daily,state,COVID-19,15.352118389086547
ma,14.794184226405926,6892503,2023-2024,Daily,state,COVID-19,15.745944857135706
md,12.717024196864191,6045680,2023-2024,Daily,state,COVID-19,15.61485452536542
mi,18.17433552406239,9986857,2023-2024,Daily,state,COVID-19,16.11678048650856
mn,13.378673318862722,5639632,2023-2024,Daily,state,COVID-19,15.545329373118532
mo,13.688562600891919,6137428,2023-2024,Daily,state,COVID-19,15.629916319855207
mt,12.626490674590862,1068778,2023-2024,Daily,state,COVID-19,13.882026497720332
nc,16.600883331851,10488084,2023-2024,Daily,state,COVID-19,16.16575031354692
ne,12.634212317557768,1934408,2023-2024,Daily,state,COVID-19,14.47531189448341
nh,17.33176886315906,1359711,2023-2024,Daily,state,COVID-19,14.12278273513091
nj,18.481467111760164,8882190,2023-2024,Daily,state,COVID-19,15.999558706183862
nm,11.129142787100621,2096829,2023-2024,Daily,state,COVID-19,14.5559367614947
nv,10.434623535977948,3080156,2023-2024,Daily,state,COVID-19,14.940490803017772
oh,17.83476908483643,11689100,2023-2024,Daily,state,COVID-19,16.27416734160507
ok,12.094950419063666,3956971,2023-2024,Daily,state,COVID-19,15.190989391556274
or,11.27338506370773,4217737,2023-2024,Daily,state,COVID-19,15.254809286251392
pa,17.59135692385264,12801989,2023-2024,Daily,state,COVID-19,16.365111107442974
sc,14.650989173973139,5148714,2023-2024,Daily,state,COVID-19,15.454257532719637
sd,11.222393813428667,884659,2023-2024,Daily,state,COVID-19,13.692957539004349
tn,16.290045558458576,6829174,2023-2024,Daily,state,COVID-19,15.73671428719104
tx,24.55456127890152,28995881,2023-2024,Daily,state,COVID-19,17.182664343380136
ut,10.659876498081978,3205958,2023-2024,Daily,state,COVID-19,14.980521511629142
va,17.05049090710068,8535519,2023-2024,Daily,state,COVID-19,15.959746720797773
vt,12.002216210186766,623989,2023-2024,Daily,state,COVID-19,13.343888018991057
wa,13.438927831815084,7614893,2023-2024,Daily,state,COVID-19,15.845616492997973
wi,13.45930062395353,5822434,2023-2024,Daily,state,COVID-19,15.577228945339334
wv,12.539831661906442,1792147,2023-2024,Daily,state,COVID-19,14.398924900402633
wy,10.441054377211579,578759,2023-2024,Daily,state,COVID-19,13.268641435017608
nd,12.479168888907587,762062,2023-2024,Daily,state,COVID-19,13.543783196188242
Alameda,8.015442343748802,1685886,2022-2024,NA,county,COVID-19,14.337801799599534
Amador,6.025190409764347,38531,2022-2024,NA,county,COVID-19,10.559218391085642
Butte,9.158114328747747,217769,2022-2024,NA,county,COVID-19,12.291190146935717
Contra Costa,13.40092462687007,1160099,2022-2024,NA,county,COVID-19,13.964015904268472
Del Norte,8.658232034095404,27558,2022-2024,NA,county,COVID-19,10.224048153553849
El Dorado,13.343857497399092,193098,2022-2024,NA,county,COVID-19,12.170953111035159
Fresno,10.088377303565077,1032227,2022-2024,NA,county,COVID-19,13.847229162076028
Humboldt,11.270746002536535,134098,2022-2024,NA,county,COVID-19,11.80632615491545
Imperial,12.269830965511396,191649,2022-2024,NA,county,COVID-19,12.163420852950058
Inyo,6.8873481586296474,18453,2022-2024,NA,county,COVID-19,9.822982237876477
Kern,6.193191281950128,927251,2022-2024,NA,county,COVID-19,13.73997957380906
Kings,13.280853388629454,156444,2022-2024,NA,county,COVID-19,11.96045339745078
Lake,8.31771565288274,64871,2022-2024,NA,county,COVID-19,11.080155961534562
Los Angeles,16.401366713470335,10257557,2022-2024,NA,county,COVID-19,16.143525260192618
Marin,12.196517014709041,260800,2022-2024,NA,county,COVID-19,12.471509109034635
Mendocino,11.335629793659162,88439,2022-2024,NA,county,COVID-19,11.390068327806597
Merced,16.570355293158766,287420,2022-2024,NA,county,COVID-19,12.568699839628238
Monterey,10.762448382636924,448732,2022-2024,NA,county,COVID-19,13.014181106559528
Napa,14.230224048321071,139652,2022-2024,NA,county,COVID-19,11.846908892788852
Nevada,10.668908984262671,98710,2022-2024,NA,county,COVID-19,11.499941537411933
Orange,12.363521170937231,3228519,2022-2024,NA,county,COVID-19,14.987534076117296
Placer,8.567572858902306,400434,2022-2024,NA,county,COVID-19,12.900304237903036
Riverside,9.098546442786281,2468145,2022-2024,NA,county,COVID-19,14.718977414307515
Sacramento,8.761116035849403,1567975,2022-2024,NA,county,COVID-19,14.265295535887834
San Bernardino,10.241198424105313,2217398,2022-2024,NA,county,COVID-19,14.611844994362734
San Diego,10.131034197719602,3370418,2022-2024,NA,county,COVID-19,15.030547330245073
San Francisco,13.930285093142047,892280,2022-2024,NA,county,COVID-19,13.701535263650719
San Joaquin,12.320305878359317,782545,2022-2024,NA,county,COVID-19,13.570306707730145
San Luis Obispo,12.660833518401382,278862,2022-2024,NA,county,COVID-19,12.538472314780956
San Mateo,9.536258495726669,778001,2022-2024,NA,county,COVID-19,13.564483088506746
Santa Barbara,11.156406539455798,456373,2022-2024,NA,county,COVID-19,13.031065736587339
Santa Clara,11.991987868803333,1967585,2022-2024,NA,county,COVID-19,14.49231746037355
Shasta,10.491025395690489,177925,2022-2024,NA,county,COVID-19,12.089117392167472
Solano,13.532347622248198,444255,2022-2024,NA,county,COVID-19,13.004154000877591
Sonoma,12.14080671404938,496668,2022-2024,NA,county,COVID-19,13.115677073813687
Stanislaus,11.136637852005926,562303,2022-2024,NA,county,COVID-19,13.239796129496366
Tehama,12.035831470356806,65885,2022-2024,NA,county,COVID-19,11.095666076979352
Tulare,15.232797063022552,484423,2022-2024,NA,county,COVID-19,13.090713770954181
Tuolumne,18.034803235569562,52351,2022-2024,NA,county,COVID-19,10.86572631831299
Ventura,9.702115120336996,852747,2022-2024,NA,county,COVID-19,13.656218182244801
Yolo,7.252503674554312,223612,2022-2024,NA,county,COVID-19,12.317667686086015
Yuba,9.54002098756732,79290,2022-2024,NA,county,COVID-19,11.280867296266445
Alameda,6.483780156355767,1685886,2022-2023,NA,county,COVID-19,14.337801799599534
Amador,10.31233439317768,38531,2022-2023,NA,county,COVID-19,10.559218391085642
Butte,11.95078006194068,217769,2022-2023,NA,county,COVID-19,12.291190146935717
Contra Costa,12.90691031961706,1160099,2022-2023,NA,county,COVID-19,13.964015904268472
Del Norte,7.661651324662843,27558,2022-2023,NA,county,COVID-19,10.224048153553849
El Dorado,8.751356736954142,193098,2022-2023,NA,county,COVID-19,12.170953111035159
Fresno,12.195741016856697,1032227,2022-2023,NA,county,COVID-19,13.847229162076028
Humboldt,14.795822902596022,134098,2022-2023,NA,county,COVID-19,11.80632615491545
Imperial,12.013919085679293,191649,2022-2023,NA,county,COVID-19,12.163420852950058
Inyo,1.1102230246251565e-14,18453,2022-2023,NA,county,COVID-19,9.822982237876477
Kern,11.489328081821014,927251,2022-2023,NA,county,COVID-19,13.73997957380906
Kings,14.072373234497737,156444,2022-2023,NA,county,COVID-19,11.96045339745078
Lake,11.12313397627317,64871,2022-2023,NA,county,COVID-19,11.080155961534562
Los Angeles,13.073108611466866,10257557,2022-2023,NA,county,COVID-19,16.143525260192618
Marin,12.089595245642359,260800,2022-2023,NA,county,COVID-19,12.471509109034635
Mendocino,10.292937604288033,88439,2022-2023,NA,county,COVID-19,11.390068327806597
Merced,16.491732536213966,287420,2022-2023,NA,county,COVID-19,12.568699839628238
Monterey,9.988569112652868,448732,2022-2023,NA,county,COVID-19,13.014181106559528
Napa,16.963670834750832,139652,2022-2023,NA,county,COVID-19,11.846908892788852
Nevada,12.480960404121365,98710,2022-2023,NA,county,COVID-19,11.499941537411933
Orange,12.514854864462134,3228519,2022-2023,NA,county,COVID-19,14.987534076117296
Placer,7.072478076481792,400434,2022-2023,NA,county,COVID-19,12.900304237903036
Riverside,9.923291495317176,2468145,2022-2023,NA,county,COVID-19,14.718977414307515
Sacramento,10.862284797990984,1567975,2022-2023,NA,county,COVID-19,14.265295535887834
San Bernardino,7.970777923106487,2217398,2022-2023,NA,county,COVID-19,14.611844994362734
San Diego,13.163488832379555,3370418,2022-2023,NA,county,COVID-19,15.030547330245073
San Francisco,9.035239690819274,892280,2022-2023,NA,county,COVID-19,13.701535263650719
San Joaquin,13.187986707703514,782545,2022-2023,NA,county,COVID-19,13.570306707730145
San Luis Obispo,13.021923711661664,278862,2022-2023,NA,county,COVID-19,12.538472314780956
San Mateo,11.379497092297985,778001,2022-2023,NA,county,COVID-19,13.564483088506746
Santa Barbara,17.324229242303414,456373,2022-2023,NA,county,COVID-19,13.031065736587339
Santa Clara,14.293133980073769,1967585,2022-2023,NA,county,COVID-19,14.49231746037355
Shasta,10.8480609233495,177925,2022-2023,NA,county,COVID-19,12.089117392167472
Solano,10.269710768888352,444255,2022-2023,NA,county,COVID-19,13.004154000877591
Sonoma,21.735665647722602,496668,2022-2023,NA,county,COVID-19,13.115677073813687
Stanislaus,9.187713917788386,562303,2022-2023,NA,county,COVID-19,13.239796129496366
Tehama,13.279469949204737,65885,2022-2023,NA,county,COVID-19,11.095666076979352
Tulare,17.511377267280672,484423,2022-2023,NA,county,COVID-19,13.090713770954181
Tuolumne,17.10923456191028,52351,2022-2023,NA,county,COVID-19,10.86572631831299
Ventura,12.450287305136165,852747,2022-2023,NA,county,COVID-19,13.656218182244801
Yolo,7.078600046512484,223612,2022-2023,NA,county,COVID-19,12.317667686086015
Yuba,13.181058362749464,79290,2022-2023,NA,county,COVID-19,11.280867296266445
Alameda,6.999640284224551,1685886,2023-2024,NA,county,COVID-19,14.337801799599534
Amador,9.754062094203364,38531,2023-2024,NA,county,COVID-19,10.559218391085642
Butte,10.240646927946418,217769,2023-2024,NA,county,COVID-19,12.291190146935717
Contra Costa,9.839040989822124,1160099,2023-2024,NA,county,COVID-19,13.964015904268472
Del Norte,7.536412364929523,27558,2023-2024,NA,county,COVID-19,10.224048153553849
El Dorado,22.648097013165046,193098,2023-2024,NA,county,COVID-19,12.170953111035159
Fresno,11.953712471070855,1032227,2023-2024,NA,county,COVID-19,13.847229162076028
Humboldt,17.459261761577416,134098,2023-2024,NA,county,COVID-19,11.80632615491545
Imperial,15.231283698763908,191649,2023-2024,NA,county,COVID-19,12.163420852950058
Inyo,7.559234393122438,18453,2023-2024,NA,county,COVID-19,9.822982237876477
Kern,8.255788524592923,927251,2023-2024,NA,county,COVID-19,13.73997957380906
Kings,13.607130716423699,156444,2023-2024,NA,county,COVID-19,11.96045339745078
Lake,7.21492439152458,64871,2023-2024,NA,county,COVID-19,11.080155961534562
Los Angeles,22.791331227385715,10257557,2023-2024,NA,county,COVID-19,16.143525260192618
Marin,11.914471056916277,260800,2023-2024,NA,county,COVID-19,12.471509109034635
Mendocino,9.899634596652994,88439,2023-2024,NA,county,COVID-19,11.390068327806597
Merced,15.787983937463924,287420,2023-2024,NA,county,COVID-19,12.568699839628238
Monterey,19.42937957159977,448732,2023-2024,NA,county,COVID-19,13.014181106559528
Napa,12.36317170842549,139652,2023-2024,NA,county,COVID-19,11.846908892788852
Nevada,21.25062767818946,98710,2023-2024,NA,county,COVID-19,11.499941537411933
Orange,14.435279677142077,3228519,2023-2024,NA,county,COVID-19,14.987534076117296
Placer,14.68983169854724,400434,2023-2024,NA,county,COVID-19,12.900304237903036
Riverside,11.817285223303475,2468145,2023-2024,NA,county,COVID-19,14.718977414307515
Sacramento,6.4763941328735974,1567975,2023-2024,NA,county,COVID-19,14.265295535887834
San Bernardino,12.675250098170165,2217398,2023-2024,NA,county,COVID-19,14.611844994362734
San Diego,13.218524134337361,3370418,2023-2024,NA,county,COVID-19,15.030547330245073
San Francisco,16.10361279564092,892280,2023-2024,NA,county,COVID-19,13.701535263650719
San Joaquin,12.887514906227171,782545,2023-2024,NA,county,COVID-19,13.570306707730145
San Luis Obispo,14.256808595336457,278862,2023-2024,NA,county,COVID-19,12.538472314780956
San Mateo,9.04552286619371,778001,2023-2024,NA,county,COVID-19,13.564483088506746
Santa Barbara,11.805626790444412,456373,2023-2024,NA,county,COVID-19,13.031065736587339
Santa Clara,11.790560620273748,1967585,2023-2024,NA,county,COVID-19,14.49231746037355
Shasta,11.580321658535354,177925,2023-2024,NA,county,COVID-19,12.089117392167472
Solano,16.96809391257945,444255,2023-2024,NA,county,COVID-19,13.004154000877591
Sonoma,9.419647659985541,496668,2023-2024,NA,county,COVID-19,13.115677073813687
Stanislaus,11.279664549078628,562303,2023-2024,NA,county,COVID-19,13.239796129496366
Tehama,13.13573941044135,65885,2023-2024,NA,county,COVID-19,11.095666076979352
Tulare,13.04972509941027,484423,2023-2024,NA,county,COVID-19,13.090713770954181
Tuolumne,15.257911112792822,52351,2023-2024,NA,county,COVID-19,10.86572631831299
Ventura,13.607824731466668,852747,2023-2024,NA,county,COVID-19,13.656218182244801
Yolo,11.72748343983474,223612,2023-2024,NA,county,COVID-19,12.317667686086015
Yuba,11.468980905252014,79290,2023-2024,NA,county,COVID-19,11.280867296266445
ak,9.93275408134674,731545,2022-2024,Daily,state,Influenza,13.502914014980135
al,15.757836167387374,4903185,2022-2024,Daily,state,Influenza,15.405395551922352
ar,15.05440035729617,3017804,2022-2024,Daily,state,Influenza,14.920039972529695
az,27.46329650896512,7278717,2022-2024,Daily,state,Influenza,15.800465168377697
ca,28.913867855336573,39512223,2022-2024,Daily,state,Influenza,17.492120625041704
co,12.077445327994663,5758736,2022-2024,Daily,state,Influenza,15.566228564146174
ct,14.444852415187981,3565287,2022-2024,Daily,state,Influenza,15.086755113499024
dc,10.978415239802807,705749,2022-2024,Daily,state,Influenza,13.46701492918239
de,13.273912613629069,973764,2022-2024,Daily,state,Influenza,13.788924253470674
fl,18.95941178535161,21477737,2022-2024,Daily,state,Influenza,16.88252746823733
ga,16.408917654454225,10617423,2022-2024,Daily,state,Influenza,16.178006888965257
hi,10.06381976283559,1415872,2022-2024,Daily,state,Influenza,14.163256153669659
ia,15.37800013110292,3155070,2022-2024,Daily,state,Influenza,14.964521240716078
id,14.918371853846402,1787065,2022-2024,Daily,state,Influenza,14.396085167290911
il,22.16496699702558,12671821,2022-2024,Daily,state,Influenza,16.354891267305263
in,21.32782892776538,6732219,2022-2024,Daily,state,Influenza,15.722415364958001
ks,16.370108280243333,2913314,2022-2024,Daily,state,Influenza,14.884801822785983
ky,20.80183207450276,4467673,2022-2024,Daily,state,Influenza,15.312378249384595
la,13.84578770668461,4648794,2022-2024,Daily,state,Influenza,15.352118389086547
ma,22.55516528146768,6892503,2022-2024,Daily,state,Influenza,15.745944857135706
md,18.344685789824812,6045680,2022-2024,Daily,state,Influenza,15.61485452536542
me,15.81700005751241,1344212,2022-2024,Daily,state,Influenza,14.111318525721124
mi,22.073871416381095,9986857,2022-2024,Daily,state,Influenza,16.11678048650856
mn,17.18768786974958,5639632,2022-2024,Daily,state,Influenza,15.545329373118532
mo,21.798917898730497,6137428,2022-2024,Daily,state,Influenza,15.629916319855207
ms,13.73125508810935,2976149,2022-2024,Daily,state,Influenza,14.9061407408861
mt,11.36138951920147,1068778,2022-2024,Daily,state,Influenza,13.882026497720332
nc,21.395126442184818,10488084,2022-2024,Daily,state,Influenza,16.16575031354692
nd,10.000828949623608,762062,2022-2024,Daily,state,Influenza,13.543783196188242
ne,11.409827620891821,1934408,2022-2024,Daily,state,Influenza,14.47531189448341
nh,13.1284049398111,1359711,2022-2024,Daily,state,Influenza,14.12278273513091
nj,23.055989486863528,8882190,2022-2024,Daily,state,Influenza,15.999558706183862
nm,16.36314668782275,2096829,2022-2024,Daily,state,Influenza,14.5559367614947
nv,16.984584970245365,3080156,2022-2024,Daily,state,Influenza,14.940490803017772
ny,25.398239470788162,19453561,2022-2024,Daily,state,Influenza,16.783540696103653
oh,21.908742509508293,11689100,2022-2024,Daily,state,Influenza,16.27416734160507
ok,25.325514459100617,3956971,2022-2024,Daily,state,Influenza,15.190989391556274
or,23.871297974574613,4217737,2022-2024,Daily,state,Influenza,15.254809286251392
pa,20.634542524412012,12801989,2022-2024,Daily,state,Influenza,16.365111107442974
ri,9.724077106139784,1059361,2022-2024,Daily,state,Influenza,13.873176454124396
sc,19.017814611388385,5148714,2022-2024,Daily,state,Influenza,15.454257532719637
sd,12.153898513650718,884659,2022-2024,Daily,state,Influenza,13.692957539004349
tn,18.26257630872352,6829174,2022-2024,Daily,state,Influenza,15.73671428719104
tx,26.43367496502823,28995881,2022-2024,Daily,state,Influenza,17.182664343380136
us,33.768532514060965,328239523,2022-2024,Daily,state,Influenza,19.609254152892177
ut,12.223968842572353,3205958,2022-2024,Daily,state,Influenza,14.980521511629142
va,19.22006403649038,8535519,2022-2024,Daily,state,Influenza,15.959746720797773
vt,10.579565334941298,623989,2022-2024,Daily,state,Influenza,13.343888018991057
wa,20.580621773077745,7614893,2022-2024,Daily,state,Influenza,15.845616492997973
wi,17.41764252268011,5822434,2022-2024,Daily,state,Influenza,15.577228945339334
wv,15.318822816377365,1792147,2022-2024,Daily,state,Influenza,14.398924900402633
wy,10.821875374168211,578759,2022-2024,Daily,state,Influenza,13.268641435017608
ak,11.05227441882528,731545,2022-2023,Daily,state,Influenza,13.502914014980135
al,19.766464657050676,4903185,2022-2023,Daily,state,Influenza,15.405395551922352
ar,18.020442149645376,3017804,2022-2023,Daily,state,Influenza,14.920039972529695
az,27.073866148348802,7278717,2022-2023,Daily,state,Influenza,15.800465168377697
ca,31.202759351609966,39512223,2022-2023,Daily,state,Influenza,17.492120625041704
co,12.203985768916647,5758736,2022-2023,Daily,state,Influenza,15.566228564146174
ct,16.61105729333955,3565287,2022-2023,Daily,state,Influenza,15.086755113499024
dc,12.84418135823051,705749,2022-2023,Daily,state,Influenza,13.46701492918239
de,18.96732842948765,973764,2022-2023,Daily,state,Influenza,13.788924253470674
fl,22.104356283697634,21477737,2022-2023,Daily,state,Influenza,16.88252746823733
ga,13.16571040142247,10617423,2022-2023,Daily,state,Influenza,16.178006888965257
hi,13.954860434870909,1415872,2022-2023,Daily,state,Influenza,14.163256153669659
ia,19.26870433596397,3155070,2022-2023,Daily,state,Influenza,14.964521240716078
id,15.956137044410301,1787065,2022-2023,Daily,state,Influenza,14.396085167290911
il,26.00181087012715,12671821,2022-2023,Daily,state,Influenza,16.354891267305263
in,24.089933630574812,6732219,2022-2023,Daily,state,Influenza,15.722415364958001
ks,21.022224982858027,2913314,2022-2023,Daily,state,Influenza,14.884801822785983
ky,24.304659903793567,4467673,2022-2023,Daily,state,Influenza,15.312378249384595
la,16.41933525884194,4648794,2022-2023,Daily,state,Influenza,15.352118389086547
ma,29.57882392898267,6892503,2022-2023,Daily,state,Influenza,15.745944857135706
md,20.242976554131364,6045680,2022-2023,Daily,state,Influenza,15.61485452536542
me,19.53185141089119,1344212,2022-2023,Daily,state,Influenza,14.111318525721124
mi,27.26270526473752,9986857,2022-2023,Daily,state,Influenza,16.11678048650856
mn,25.068942024329587,5639632,2022-2023,Daily,state,Influenza,15.545329373118532
mo,27.181556576085875,6137428,2022-2023,Daily,state,Influenza,15.629916319855207
ms,14.022410025386344,2976149,2022-2023,Daily,state,Influenza,14.9061407408861
mt,14.718857880274694,1068778,2022-2023,Daily,state,Influenza,13.882026497720332
nc,20.546373411185826,10488084,2022-2023,Daily,state,Influenza,16.16575031354692
nd,12.094963166277584,762062,2022-2023,Daily,state,Influenza,13.543783196188242
ne,12.808960976376005,1934408,2022-2023,Daily,state,Influenza,14.47531189448341
nh,18.56619829380819,1359711,2022-2023,Daily,state,Influenza,14.12278273513091
nj,26.022559829572756,8882190,2022-2023,Daily,state,Influenza,15.999558706183862
nm,17.85993602542597,2096829,2022-2023,Daily,state,Influenza,14.5559367614947
nv,20.14776244483929,3080156,2022-2023,Daily,state,Influenza,14.940490803017772
ny,32.04068289088534,19453561,2022-2023,Daily,state,Influenza,16.783540696103653
oh,27.414514582974714,11689100,2022-2023,Daily,state,Influenza,16.27416734160507
ok,30.385698161353837,3956971,2022-2023,Daily,state,Influenza,15.190989391556274
or,29.490449163841028,4217737,2022-2023,Daily,state,Influenza,15.254809286251392
pa,24.48086837752549,12801989,2022-2023,Daily,state,Influenza,16.365111107442974
ri,13.625494808257955,1059361,2022-2023,Daily,state,Influenza,13.873176454124396
sc,14.802204899711668,5148714,2022-2023,Daily,state,Influenza,15.454257532719637
sd,13.15879487478595,884659,2022-2023,Daily,state,Influenza,13.692957539004349
tn,20.083157683718177,6829174,2022-2023,Daily,state,Influenza,15.73671428719104
tx,28.698890200857264,28995881,2022-2023,Daily,state,Influenza,17.182664343380136
us,36.496468224126055,328239523,2022-2023,Daily,state,Influenza,19.609254152892177
ut,12.531463175098134,3205958,2022-2023,Daily,state,Influenza,14.980521511629142
va,19.548579786086005,8535519,2022-2023,Daily,state,Influenza,15.959746720797773
vt,12.253090307416581,623989,2022-2023,Daily,state,Influenza,13.343888018991057
wa,24.295965879432323,7614893,2022-2023,Daily,state,Influenza,15.845616492997973
wi,21.205177363323212,5822434,2022-2023,Daily,state,Influenza,15.577228945339334
wv,19.987190320125116,1792147,2022-2023,Daily,state,Influenza,14.398924900402633
wy,10.712028148230967,578759,2022-2023,Daily,state,Influenza,13.268641435017608
ak,10.213230699848308,731545,2023-2024,Daily,state,Influenza,13.502914014980135
al,16.715178408897234,4903185,2023-2024,Daily,state,Influenza,15.405395551922352
ar,13.436159813178804,3017804,2023-2024,Daily,state,Influenza,14.920039972529695
az,27.374205899577973,7278717,2023-2024,Daily,state,Influenza,15.800465168377697
ca,26.318124810822773,39512223,2023-2024,Daily,state,Influenza,17.492120625041704
co,12.468375167493695,5758736,2023-2024,Daily,state,Influenza,15.566228564146174
ct,12.986311147785901,3565287,2023-2024,Daily,state,Influenza,15.086755113499024
dc,10.325224695303536,705749,2023-2024,Daily,state,Influenza,13.46701492918239
de,10.8810820041483,973764,2023-2024,Daily,state,Influenza,13.788924253470674
fl,18.34723024547894,21477737,2023-2024,Daily,state,Influenza,16.88252746823733
ga,18.95630809071297,10617423,2023-2024,Daily,state,Influenza,16.178006888965257
hi,10.423259778083082,1415872,2023-2024,Daily,state,Influenza,14.163256153669659
ia,12.148042125421298,3155070,2023-2024,Daily,state,Influenza,14.964521240716078
id,13.314748734999682,1787065,2023-2024,Daily,state,Influenza,14.396085167290911
il,16.082579913958618,12671821,2023-2024,Daily,state,Influenza,16.354891267305263
in,17.564480487272462,6732219,2023-2024,Daily,state,Influenza,15.722415364958001
ks,15.529069078682111,2913314,2023-2024,Daily,state,Influenza,14.884801822785983
ky,15.4272317945078,4467673,2023-2024,Daily,state,Influenza,15.312378249384595
la,16.137601186488748,4648794,2023-2024,Daily,state,Influenza,15.352118389086547
ma,20.784168420622905,6892503,2023-2024,Daily,state,Influenza,15.745944857135706
md,20.476987357330735,6045680,2023-2024,Daily,state,Influenza,15.61485452536542
me,11.166130594061086,1344212,2023-2024,Daily,state,Influenza,14.111318525721124
mi,17.980320706420592,9986857,2023-2024,Daily,state,Influenza,16.11678048650856
mn,12.2945929403659,5639632,2023-2024,Daily,state,Influenza,15.545329373118532
mo,14.860345016917421,6137428,2023-2024,Daily,state,Influenza,15.629916319855207
ms,13.77273019235573,2976149,2023-2024,Daily,state,Influenza,14.9061407408861
mt,10.499964505609594,1068778,2023-2024,Daily,state,Influenza,13.882026497720332
nc,23.925314247828023,10488084,2023-2024,Daily,state,Influenza,16.16575031354692
nd,10.6326063726498,762062,2023-2024,Daily,state,Influenza,13.543783196188242
ne,10.634222434474527,1934408,2023-2024,Daily,state,Influenza,14.47531189448341
nh,11.212577579183403,1359711,2023-2024,Daily,state,Influenza,14.12278273513091
nj,22.34639232822524,8882190,2023-2024,Daily,state,Influenza,15.999558706183862
nm,14.437707859075688,2096829,2023-2024,Daily,state,Influenza,14.5559367614947
nv,15.001867534927072,3080156,2023-2024,Daily,state,Influenza,14.940490803017772
ny,20.75351096569289,19453561,2023-2024,Daily,state,Influenza,16.783540696103653
oh,19.094341352784227,11689100,2023-2024,Daily,state,Influenza,16.27416734160507
ok,17.731528334166256,3956971,2023-2024,Daily,state,Influenza,15.190989391556274
or,11.01561892201125,4217737,2023-2024,Daily,state,Influenza,15.254809286251392
pa,16.77554112834141,12801989,2023-2024,Daily,state,Influenza,16.365111107442974
ri,10.532230894951534,1059361,2023-2024,Daily,state,Influenza,13.873176454124396
sc,23.535087981535973,5148714,2023-2024,Daily,state,Influenza,15.454257532719637
sd,12.559955424051983,884659,2023-2024,Daily,state,Influenza,13.692957539004349
tn,16.69215198617825,6829174,2023-2024,Daily,state,Influenza,15.73671428719104
tx,23.269124923669537,28995881,2023-2024,Daily,state,Influenza,17.182664343380136
us,33.92262066585094,328239523,2023-2024,Daily,state,Influenza,19.609254152892177
ut,10.929318820127998,3205958,2023-2024,Daily,state,Influenza,14.980521511629142
va,21.00733189395312,8535519,2023-2024,Daily,state,Influenza,15.959746720797773
vt,10.442786672098837,623989,2023-2024,Daily,state,Influenza,13.343888018991057
wa,12.907707236614618,7614893,2023-2024,Daily,state,Influenza,15.845616492997973
wi,12.688246012071225,5822434,2023-2024,Daily,state,Influenza,15.577228945339334
wv,13.323851715401702,1792147,2023-2024,Daily,state,Influenza,14.398924900402633
wy,11.968785729340459,578759,2023-2024,Daily,state,Influenza,13.268641435017608
Alameda,8.050016277248872,1685886,2022-2024,NA,county,Influenza,14.337801799599534
Butte,9.218399351602546,217769,2022-2024,NA,county,Influenza,12.291190146935717
Contra Costa,5.978613402296428,1160099,2022-2024,NA,county,Influenza,13.964015904268472
El Dorado,8.286114381076226,193098,2022-2024,NA,county,Influenza,12.170953111035159
Fresno,7.983143238964963,1032227,2022-2024,NA,county,Influenza,13.847229162076028
Imperial,11.218579942434415,191649,2022-2024,NA,county,Influenza,12.163420852950058
Kern,6.563657850411719,927251,2022-2024,NA,county,Influenza,13.73997957380906
Kings,7.296203367020471,156444,2022-2024,NA,county,Influenza,11.96045339745078
Los Angeles,34.7825181845378,10257557,2022-2024,NA,county,Influenza,16.143525260192618
Marin,9.08016489909863,260800,2022-2024,NA,county,Influenza,12.471509109034635
Merced,9.455701551058493,287420,2022-2024,NA,county,Influenza,12.568699839628238
Monterey,5.264839931761712,448732,2022-2024,NA,county,Influenza,13.014181106559528
Napa,12.786083154800831,139652,2022-2024,NA,county,Influenza,11.846908892788852
Orange,37.50373273446631,3228519,2022-2024,NA,county,Influenza,14.987534076117296
Placer,6.113286083860436,400434,2022-2024,NA,county,Influenza,12.900304237903036
Riverside,27.411738436639,2468145,2022-2024,NA,county,Influenza,14.718977414307515
Sacramento,35.80378769792086,1567975,2022-2024,NA,county,Influenza,14.265295535887834
San Bernardino,34.9684297081337,2217398,2022-2024,NA,county,Influenza,14.611844994362734
San Diego,10.981979679998222,3370418,2022-2024,NA,county,Influenza,15.030547330245073
San Francisco,18.53392056358277,892280,2022-2024,NA,county,Influenza,13.701535263650719
San Joaquin,29.921859415237982,782545,2022-2024,NA,county,Influenza,13.570306707730145
San Luis Obispo,9.903492948839999,278862,2022-2024,NA,county,Influenza,12.538472314780956
San Mateo,8.961154951780204,778001,2022-2024,NA,county,Influenza,13.564483088506746
Santa Barbara,25.296647797695325,456373,2022-2024,NA,county,Influenza,13.031065736587339
Santa Clara,27.05981360821028,1967585,2022-2024,NA,county,Influenza,14.49231746037355
Shasta,9.034254343420967,177925,2022-2024,NA,county,Influenza,12.089117392167472
Solano,23.817656958821097,444255,2022-2024,NA,county,Influenza,13.004154000877591
Sonoma,3.2972382494602326,496668,2022-2024,NA,county,Influenza,13.115677073813687
Stanislaus,7.77254399189461,562303,2022-2024,NA,county,Influenza,13.239796129496366
Tehama,13.680120634814196,65885,2022-2024,NA,county,Influenza,11.095666076979352
Tulare,7.619048914334481,484423,2022-2024,NA,county,Influenza,13.090713770954181
Tuolumne,17.672660663530614,52351,2022-2024,NA,county,Influenza,10.86572631831299
Ventura,27.736164336542135,852747,2022-2024,NA,county,Influenza,13.656218182244801
Yolo,9.391988210942138,223612,2022-2024,NA,county,Influenza,12.317667686086015
Yuba,10.671154087526503,79290,2022-2024,NA,county,Influenza,11.280867296266445
Alameda,8.912636372275163,1685886,2022-2023,NA,county,Influenza,14.337801799599534
Butte,5.938034089872457,217769,2022-2023,NA,county,Influenza,12.291190146935717
Contra Costa,5.882467908390343,1160099,2022-2023,NA,county,Influenza,13.964015904268472
El Dorado,6.65139415253827,193098,2022-2023,NA,county,Influenza,12.170953111035159
Fresno,9.714781495891945,1032227,2022-2023,NA,county,Influenza,13.847229162076028
Imperial,9.773699970208527,191649,2022-2023,NA,county,Influenza,12.163420852950058
Kern,13.661754630824296,927251,2022-2023,NA,county,Influenza,13.73997957380906
Kings,10.175787632475952,156444,2022-2023,NA,county,Influenza,11.96045339745078
Los Angeles,11.993311745068914,10257557,2022-2023,NA,county,Influenza,16.143525260192618
Marin,7.015696319467734,260800,2022-2023,NA,county,Influenza,12.471509109034635
Merced,8.720582650342745,287420,2022-2023,NA,county,Influenza,12.568699839628238
Monterey,5.84340823934586,448732,2022-2023,NA,county,Influenza,13.014181106559528
Napa,7.942293180350724,139652,2022-2023,NA,county,Influenza,11.846908892788852
Orange,8.709018394292478,3228519,2022-2023,NA,county,Influenza,14.987534076117296
Placer,5.5682984857234885,400434,2022-2023,NA,county,Influenza,12.900304237903036
Riverside,4.058148005406991,2468145,2022-2023,NA,county,Influenza,14.718977414307515
Sacramento,18.40465114290962,1567975,2022-2023,NA,county,Influenza,14.265295535887834
San Bernardino,9.682656814889912,2217398,2022-2023,NA,county,Influenza,14.611844994362734
San Diego,12.16938447387398,3370418,2022-2023,NA,county,Influenza,15.030547330245073
San Francisco,13.134933159663397,892280,2022-2023,NA,county,Influenza,13.701535263650719
San Joaquin,11.875074702558418,782545,2022-2023,NA,county,Influenza,13.570306707730145
San Luis Obispo,10.823767904377268,278862,2022-2023,NA,county,Influenza,12.538472314780956
San Mateo,8.39451507577702,778001,2022-2023,NA,county,Influenza,13.564483088506746
Santa Barbara,11.768815033144964,456373,2022-2023,NA,county,Influenza,13.031065736587339
Santa Clara,9.480052171601749,1967585,2022-2023,NA,county,Influenza,14.49231746037355
Shasta,7.994076836521402,177925,2022-2023,NA,county,Influenza,12.089117392167472
Solano,3.916102850101999,444255,2022-2023,NA,county,Influenza,13.004154000877591
Sonoma,2.41395448059738,496668,2022-2023,NA,county,Influenza,13.115677073813687
Stanislaus,13.035392941133484,562303,2022-2023,NA,county,Influenza,13.239796129496366
Tehama,7.430575777316495,65885,2022-2023,NA,county,Influenza,11.095666076979352
Tulare,5.1508968208836325,484423,2022-2023,NA,county,Influenza,13.090713770954181
Tuolumne,7.919874251499792,52351,2022-2023,NA,county,Influenza,10.86572631831299
Ventura,4.712521718541652,852747,2022-2023,NA,county,Influenza,13.656218182244801
Yolo,12.670953747656599,223612,2022-2023,NA,county,Influenza,12.317667686086015
Yuba,8.747537331527443,79290,2022-2023,NA,county,Influenza,11.280867296266445
Alameda,4.791874624631021,1685886,2023-2024,NA,county,Influenza,14.337801799599534
Butte,15.75466636499262,217769,2023-2024,NA,county,Influenza,12.291190146935717
Contra Costa,7.030498509746364,1160099,2023-2024,NA,county,Influenza,13.964015904268472
El Dorado,6.030594547122725,193098,2023-2024,NA,county,Influenza,12.170953111035159
Fresno,5.9323958597532584,1032227,2023-2024,NA,county,Influenza,13.847229162076028
Imperial,13.145271749166998,191649,2023-2024,NA,county,Influenza,12.163420852950058
Kern,12.433753081740607,927251,2023-2024,NA,county,Influenza,13.73997957380906
Kings,11.86650621613139,156444,2023-2024,NA,county,Influenza,11.96045339745078
Los Angeles,7.551460033039903,10257557,2023-2024,NA,county,Influenza,16.143525260192618
Marin,17.846765591957727,260800,2023-2024,NA,county,Influenza,12.471509109034635
Merced,16.79161649003902,287420,2023-2024,NA,county,Influenza,12.568699839628238
Monterey,10.611982069061431,448732,2023-2024,NA,county,Influenza,13.014181106559528
Napa,12.710180630095703,139652,2023-2024,NA,county,Influenza,11.846908892788852
Orange,17.96924150594419,3228519,2023-2024,NA,county,Influenza,14.987534076117296
Placer,6.462740774379528,400434,2023-2024,NA,county,Influenza,12.900304237903036
Riverside,8.675808654363081,2468145,2023-2024,NA,county,Influenza,14.718977414307515
Sacramento,9.502308440915785,1567975,2023-2024,NA,county,Influenza,14.265295535887834
San Bernardino,10.247676313031896,2217398,2023-2024,NA,county,Influenza,14.611844994362734
San Diego,5.499031892280115,3370418,2023-2024,NA,county,Influenza,15.030547330245073
San Francisco,26.512497210272755,892280,2023-2024,NA,county,Influenza,13.701535263650719
San Joaquin,8.392127313140973,782545,2023-2024,NA,county,Influenza,13.570306707730145
San Luis Obispo,7.268773478268853,278862,2023-2024,NA,county,Influenza,12.538472314780956
San Mateo,7.969020276812144,778001,2023-2024,NA,county,Influenza,13.564483088506746
Santa Barbara,7.170280053053291,456373,2023-2024,NA,county,Influenza,13.031065736587339
Santa Clara,8.49409364182444,1967585,2023-2024,NA,county,Influenza,14.49231746037355
Shasta,20.546878508770618,177925,2023-2024,NA,county,Influenza,12.089117392167472
Solano,8.99500713397423,444255,2023-2024,NA,county,Influenza,13.004154000877591
Sonoma,8.99586507960839,496668,2023-2024,NA,county,Influenza,13.115677073813687
Stanislaus,6.014655281810488,562303,2023-2024,NA,county,Influenza,13.239796129496366
Tehama,15.8789919833924,65885,2023-2024,NA,county,Influenza,11.095666076979352
Tulare,8.77583126307936,484423,2023-2024,NA,county,Influenza,13.090713770954181
Tuolumne,3.8255699161020007,52351,2023-2024,NA,county,Influenza,10.86572631831299
Ventura,7.022662400918945,852747,2023-2024,NA,county,Influenza,13.656218182244801
Yolo,16.96585500190173,223612,2023-2024,NA,county,Influenza,12.317667686086015
Yuba,16.402247162237728,79290,2023-2024,NA,county,Influenza,11.280867296266445
